{
  "aligned_separability_test": {
    "d_A": 2,
    "d_B": 4,
    "rank_one": false,
    "sigma_ratio": 0.7071067811865476
  },
  "bipartite_entanglement_linear": {
    "d_A": 2.0,
    "purity": 0.5555555555555559,
    "value": 0.8888888888888882
  },
  "haar_baselines": {
    "0": {
      "E_P_row": 0.125,
      "E_S_amp": 0.0,
      "E_sum_p2": 1.0,
      "N_r": 1.0,
      "Var_P_row": 0.012152777777777778
    },
    "1": {
      "E_P_row": 0.375,
      "E_S_amp": 1.2022458674074694,
      "E_sum_p2": 0.5,
      "N_r": 3.0,
      "Var_P_row": 0.026041666666666668
    },
    "2": {
      "E_P_row": 0.375,
      "E_S_amp": 1.2022458674074694,
      "E_sum_p2": 0.5,
      "N_r": 3.0,
      "Var_P_row": 0.026041666666666668
    },
    "3": {
      "E_P_row": 0.125,
      "E_S_amp": 0.0,
      "E_sum_p2": 1.0,
      "N_r": 1.0,
      "Var_P_row": 0.012152777777777778
    }
  },
  "meta": {
    "A_subsystems": [
      0
    ],
    "dims": [
      2,
      2,
      2
    ],
    "eps": 1e-15,
    "grouping_requested": "hamming",
    "grouping_resolved": "excitation",
    "ordering_requested": "lex",
    "ordering_resolved": "lex"
  },
  "row_amplitude_entropy": {
    "1": 1.584962500721156
  },
  "row_collision_entropy": {
    "1": 1.584962500721156
  },
  "row_delocalization": 0.0,
  "row_effective_support": {
    "1": 3.0
  },
  "row_keys": [
    "1"
  ],
  "row_nonzero_count": {
    "1": 3
  },
  "row_participation_ratio": {
    "1": 2.9999999999999996
  },
  "row_partition_sizes_all": {
    "0": 1,
    "1": 3,
    "2": 3,
    "3": 1
  },
  "row_phase_alignment": {
    "1": 1.0
  },
  "row_probabilities": {
    "1": 1.0000000000000002
  },
  "row_sizes": {
    "1": 3
  }
}