{
  "aligned_separability_test": {
    "d_A": 2,
    "d_B": 4,
    "rank_one": false,
    "sigma_ratio": 0.7377488577012903
  },
  "bipartite_entanglement_linear": {
    "d_A": 2.0,
    "purity": 0.5435442120379629,
    "value": 0.9129115759240742
  },
  "haar_baselines": {
    "0": {
      "E_P_row": 0.125,
      "E_S_amp": 0.0,
      "E_sum_p2": 1.0,
      "N_r": 1.0,
      "Var_P_row": 0.012152777777777778
    },
    "1": {
      "E_P_row": 0.375,
      "E_S_amp": 1.2022458674074694,
      "E_sum_p2": 0.5,
      "N_r": 3.0,
      "Var_P_row": 0.026041666666666668
    },
    "2": {
      "E_P_row": 0.375,
      "E_S_amp": 1.2022458674074694,
      "E_sum_p2": 0.5,
      "N_r": 3.0,
      "Var_P_row": 0.026041666666666668
    },
    "3": {
      "E_P_row": 0.125,
      "E_S_amp": 0.0,
      "E_sum_p2": 1.0,
      "N_r": 1.0,
      "Var_P_row": 0.012152777777777778
    }
  },
  "meta": {
    "A_subsystems": [
      0
    ],
    "dims": [
      2,
      2,
      2
    ],
    "eps": 1e-15,
    "grouping_requested": "hamming",
    "grouping_resolved": "excitation",
    "ordering_requested": "lex",
    "ordering_resolved": "lex"
  },
  "row_amplitude_entropy": {
    "0": -0.0,
    "1": 1.5092254175256676,
    "2": 1.3601895255876475,
    "3": -0.0
  },
  "row_collision_entropy": {
    "0": -0.0,
    "1": 1.440282396471212,
    "2": 1.1678886644959583,
    "3": -0.0
  },
  "row_delocalization": 0.6398297284558738,
  "row_effective_support": {
    "0": 1.0,
    "1": 2.846571657492631,
    "2": 2.5671890223546967,
    "3": 1.0
  },
  "row_keys": [
    "0",
    "1",
    "2",
    "3"
  ],
  "row_nonzero_count": {
    "0": 1,
    "1": 3,
    "2": 3,
    "3": 1
  },
  "row_participation_ratio": {
    "0": 1.0,
    "1": 2.713739796627945,
    "2": 2.2468264075306346,
    "3": 1.0
  },
  "row_partition_sizes_all": {
    "0": 1,
    "1": 3,
    "2": 3,
    "3": 1
  },
  "row_phase_alignment": {
    "0": 1.0,
    "1": 0.5651904681982356,
    "2": 0.8344824759727147,
    "3": 1.0
  },
  "row_probabilities": {
    "0": 0.345939506376714,
    "1": 0.16416549358052338,
    "2": 0.028675374383360916,
    "3": 0.46121962565940194
  },
  "row_sizes": {
    "0": 1,
    "1": 3,
    "2": 3,
    "3": 1
  }
}