{
  "bipartite_entanglement_linear": {
    "d_A": 2.0,
    "purity": 0.5435442120379629,
    "value": 0.9129115759240742
  },
  "global_coherence_index": 0.6788942677477805,
  "inter_row_phase_correlation": [
    [
      1.0,
      0.5591630867691599,
      0.7782993862102628,
      1.0
    ],
    [
      0.5591630867691599,
      1.0,
      0.32647598531613103,
      0.5591630867691599
    ],
    [
      0.7782993862102628,
      0.32647598531613103,
      1.0,
      0.778299386210263
    ],
    [
      1.0,
      0.5591630867691599,
      0.778299386210263,
      1.0
    ]
  ],
  "inter_row_phase_offset": [
    [
      0.0,
      -1.688807331231958,
      0.9403162802884462,
      2.9917708184740435
    ],
    [
      1.688807331231958,
      0.0,
      -3.0626072628011953,
      -1.6026071574735852
    ],
    [
      -0.9403162802884462,
      3.0626072628011953,
      0.0,
      2.0514545381855975
    ],
    [
      -2.9917708184740435,
      1.6026071574735852,
      -2.0514545381855975,
      0.0
    ]
  ],
  "meta": {
    "A_subsystems": [
      0
    ],
    "dims": [
      2,
      2,
      2
    ],
    "grouping": "hamming",
    "ordering": "lex"
  },
  "row_amplitude_entropy": {
    "0": -0.0,
    "1": 1.5092254175256676,
    "2": 1.3601895255876475,
    "3": -0.0
  },
  "row_coherence": {
    "0": 1.0,
    "1": 0.5651904681982356,
    "2": 0.8344824759727147,
    "3": 1.0
  },
  "row_delocalization": 0.6398297284558738,
  "row_keys": [
    "0",
    "1",
    "2",
    "3"
  ],
  "row_probabilities": {
    "0": 0.345939506376714,
    "1": 0.16416549358052338,
    "2": 0.028675374383360916,
    "3": 0.46121962565940194
  },
  "row_sizes": {
    "0": 1,
    "1": 3,
    "2": 3,
    "3": 1
  }
}